timestamp, memory.used [MiB], utilization.gpu [%]
2026/08/31 15:46:36.328, 0 MiB, 0 %
2026/08/31 15:47:06.335, 14661 MiB, 100 %
2026/08/31 15:47:36.336, 14661 MiB, 100 %
2026/08/31 15:48:06.337, 14661 MiB, 100 %
2026/08/31 15:48:36.338, 14661 MiB, 75 %
2026/08/31 15:49:06.339, 14661 MiB, 91 %
2026/08/31 15:49:36.340, 14661 MiB, 100 %
2026/08/31 15:50:06.341, 14661 MiB, 100 %
2026/08/31 15:50:36.342, 14661 MiB, 100 %
2026/08/31 15:51:06.344, 14661 MiB, 100 %
2026/08/31 15:51:36.345, 14661 MiB, 65 %
2026/08/31 15:52:06.346, 14661 MiB, 98 %
2026/08/31 15:52:36.347, 14661 MiB, 100 %
2026/08/31 15:53:06.348, 14661 MiB, 100 %
2026/08/31 15:53:36.349, 14661 MiB, 52 %
2026/08/31 15:54:06.350, 14661 MiB, 58 %
2026/08/31 15:54:36.351, 14661 MiB, 100 %
2026/08/31 15:55:06.351, 14661 MiB, 100 %
2026/08/31 15:55:36.353, 14661 MiB, 100 %
2026/08/31 15:56:06.354, 14661 MiB, 100 %
2026/08/31 15:56:36.354, 14661 MiB, 98 %
2026/08/31 15:57:06.355, 14661 MiB, 100 %
2026/08/31 15:57:36.356, 14661 MiB, 71 %
2026/08/31 15:58:06.356, 14661 MiB, 100 %
2026/08/31 15:58:36.357, 14661 MiB, 98 %
2026/08/31 15:59:06.358, 14661 MiB, 100 %
2026/08/31 15:59:36.359, 14661 MiB, 52 %
2026/08/31 16:00:06.360, 14661 MiB, 100 %
2026/08/31 16:00:36.361, 14661 MiB, 100 %
2026/08/31 16:01:06.362, 14661 MiB, 100 %
2026/08/31 16:01:36.363, 14661 MiB, 98 %
2026/08/31 16:02:06.364, 14661 MiB, 100 %
2026/08/31 16:02:36.365, 14661 MiB, 100 %
2026/08/31 16:03:06.366, 14661 MiB, 80 %
2026/08/31 16:03:36.367, 14661 MiB, 100 %
2026/08/31 16:04:06.368, 14661 MiB, 98 %
2026/08/31 16:04:36.369, 14661 MiB, 100 %
2026/08/31 16:05:06.370, 14661 MiB, 97 %
2026/08/31 16:05:36.370, 14661 MiB, 100 %
2026/08/31 16:06:06.371, 14661 MiB, 98 %
2026/08/31 16:06:36.372, 14661 MiB, 100 %
2026/08/31 16:07:06.373, 14661 MiB, 91 %
2026/08/31 16:07:36.385, 14661 MiB, 66 %
2026/08/31 16:08:06.386, 14661 MiB, 100 %
2026/08/31 16:08:36.387, 14661 MiB, 98 %
2026/08/31 16:09:06.388, 14661 MiB, 100 %
2026/08/31 16:09:36.389, 14661 MiB, 51 %
2026/08/31 16:10:06.390, 14661 MiB, 100 %
2026/08/31 16:10:36.391, 14661 MiB, 98 %
2026/08/31 16:11:06.391, 14661 MiB, 100 %
2026/08/31 16:11:36.392, 14661 MiB, 100 %
2026/08/31 16:12:06.393, 14661 MiB, 100 %
2026/08/31 16:12:36.394, 14661 MiB, 98 %
2026/08/31 16:13:06.395, 14661 MiB, 100 %
2026/08/31 16:13:36.395, 14661 MiB, 89 %
2026/08/31 16:14:06.396, 14661 MiB, 87 %
2026/08/31 16:14:36.397, 14661 MiB, 100 %
2026/08/31 16:15:06.398, 14661 MiB, 100 %
2026/08/31 16:15:36.399, 14661 MiB, 100 %
2026/08/31 16:16:06.400, 14661 MiB, 100 %
2026/08/31 16:16:36.401, 14661 MiB, 100 %
2026/08/31 16:17:06.402, 14661 MiB, 98 %
2026/08/31 16:17:36.402, 14661 MiB, 97 %
2026/08/31 16:18:06.403, 14661 MiB, 100 %
2026/08/31 16:18:36.404, 14661 MiB, 64 %
2026/08/31 16:19:06.405, 14661 MiB, 100 %
2026/08/31 16:19:36.406, 14661 MiB, 100 %
2026/08/31 16:20:06.407, 14661 MiB, 100 %
2026/08/31 16:20:36.408, 14661 MiB, 100 %
2026/08/31 16:21:06.409, 14661 MiB, 62 %
2026/08/31 16:21:36.410, 14661 MiB, 100 %
2026/08/31 16:22:06.411, 14661 MiB, 100 %
2026/08/31 16:22:36.412, 14661 MiB, 100 %
2026/08/31 16:23:06.413, 14661 MiB, 100 %
2026/08/31 16:23:36.413, 14661 MiB, 51 %
2026/08/31 16:24:06.414, 14661 MiB, 100 %
2026/08/31 16:24:36.415, 14661 MiB, 100 %
2026/08/31 16:25:06.415, 14661 MiB, 97 %
2026/08/31 16:25:36.416, 14661 MiB, 100 %
2026/08/31 16:26:06.417, 14661 MiB, 100 %
2026/08/31 16:26:36.418, 14661 MiB, 75 %
2026/08/31 16:27:06.418, 14661 MiB, 81 %
2026/08/31 16:27:36.419, 14661 MiB, 100 %
2026/08/31 16:28:06.420, 14661 MiB, 98 %
2026/08/31 16:28:36.421, 14661 MiB, 100 %
2026/08/31 16:29:06.422, 14661 MiB, 100 %
2026/08/31 16:29:36.422, 14661 MiB, 57 %
2026/08/31 16:30:06.423, 14661 MiB, 100 %
2026/08/31 16:30:36.424, 14661 MiB, 100 %
2026/08/31 16:31:06.425, 14661 MiB, 98 %
2026/08/31 16:31:36.426, 14661 MiB, 100 %
2026/08/31 16:32:06.426, 14661 MiB, 100 %
2026/08/31 16:32:36.428, 14661 MiB, 84 %
2026/08/31 16:33:06.428, 14661 MiB, 100 %
2026/08/31 16:33:36.429, 14661 MiB, 100 %
2026/08/31 16:34:06.429, 14661 MiB, 100 %
2026/08/31 16:34:36.430, 14661 MiB, 54 %
2026/08/31 16:35:06.430, 14661 MiB, 53 %
2026/08/31 16:35:36.431, 14661 MiB, 100 %
2026/08/31 16:36:06.432, 14661 MiB, 98 %
2026/08/31 16:36:36.433, 14661 MiB, 100 %
2026/08/31 16:37:06.434, 14661 MiB, 53 %
2026/08/31 16:37:36.435, 14661 MiB, 100 %
2026/08/31 16:38:06.436, 14661 MiB, 100 %
2026/08/31 16:38:36.437, 14661 MiB, 61 %
2026/08/31 16:39:06.438, 14661 MiB, 100 %
2026/08/31 16:39:36.438, 14661 MiB, 100 %
2026/08/31 16:40:06.440, 14661 MiB, 72 %
2026/08/31 16:40:36.440, 14661 MiB, 100 %
2026/08/31 16:41:06.441, 14661 MiB, 100 %
2026/08/31 16:41:36.442, 14661 MiB, 100 %
2026/08/31 16:42:06.443, 14661 MiB, 100 %
2026/08/31 16:42:36.444, 14661 MiB, 100 %
2026/08/31 16:43:06.445, 14661 MiB, 100 %
2026/08/31 16:43:36.446, 14661 MiB, 100 %
2026/08/31 16:44:06.447, 14661 MiB, 100 %
2026/08/31 16:44:36.448, 14661 MiB, 100 %
2026/08/31 16:45:06.449, 14661 MiB, 100 %
2026/08/31 16:45:36.449, 14661 MiB, 100 %
2026/08/31 16:46:06.450, 14661 MiB, 91 %
2026/08/31 16:46:36.451, 14661 MiB, 97 %
2026/08/31 16:47:06.451, 14661 MiB, 75 %
2026/08/31 16:47:36.453, 14661 MiB, 100 %
2026/08/31 16:48:06.453, 14661 MiB, 100 %
2026/08/31 16:48:36.454, 14661 MiB, 100 %
2026/08/31 16:49:06.455, 14661 MiB, 98 %
2026/08/31 16:49:36.455, 14661 MiB, 76 %
2026/08/31 16:50:06.456, 14661 MiB, 100 %
2026/08/31 16:50:36.457, 14661 MiB, 100 %
2026/08/31 16:51:06.457, 14661 MiB, 100 %
2026/08/31 16:51:36.458, 14661 MiB, 84 %
2026/08/31 16:52:06.459, 14661 MiB, 100 %
2026/08/31 16:52:36.460, 14661 MiB, 100 %
2026/08/31 16:53:06.460, 14661 MiB, 75 %
2026/08/31 16:53:36.461, 14661 MiB, 100 %
2026/08/31 16:54:06.463, 14661 MiB, 100 %
2026/08/31 16:54:36.464, 14661 MiB, 50 %
2026/08/31 16:55:06.464, 14661 MiB, 98 %
2026/08/31 16:55:36.465, 14661 MiB, 100 %
2026/08/31 16:56:06.466, 14661 MiB, 100 %
2026/08/31 16:56:36.467, 14661 MiB, 100 %
2026/08/31 16:57:06.468, 14661 MiB, 100 %
2026/08/31 16:57:36.468, 14661 MiB, 100 %
2026/08/31 16:58:06.469, 14661 MiB, 100 %
2026/08/31 16:58:36.470, 14661 MiB, 100 %
2026/08/31 16:59:06.471, 14661 MiB, 100 %
2026/08/31 16:59:36.471, 14661 MiB, 100 %
2026/08/31 17:00:06.472, 14661 MiB, 100 %
2026/08/31 17:00:36.473, 14661 MiB, 100 %
2026/08/31 17:01:06.475, 14661 MiB, 100 %
2026/08/31 17:01:36.476, 14661 MiB, 50 %
2026/08/31 17:02:06.477, 14661 MiB, 100 %
2026/08/31 17:02:36.478, 14661 MiB, 100 %
2026/08/31 17:03:06.479, 14661 MiB, 62 %
2026/08/31 17:03:36.480, 14661 MiB, 100 %
2026/08/31 17:04:06.480, 14661 MiB, 100 %
2026/08/31 17:04:36.481, 14661 MiB, 100 %
2026/08/31 17:05:06.482, 14661 MiB, 98 %
2026/08/31 17:05:36.483, 14661 MiB, 100 %
2026/08/31 17:06:06.484, 14661 MiB, 100 %
2026/08/31 17:06:36.485, 14661 MiB, 98 %
2026/08/31 17:07:06.486, 14661 MiB, 100 %
2026/08/31 17:07:36.486, 14661 MiB, 100 %
2026/08/31 17:08:06.487, 14661 MiB, 100 %
2026/08/31 17:08:36.488, 14661 MiB, 98 %
2026/08/31 17:09:06.489, 14661 MiB, 92 %
2026/08/31 17:09:36.490, 14661 MiB, 100 %
2026/08/31 17:10:06.490, 14661 MiB, 98 %
2026/08/31 17:10:36.491, 14661 MiB, 100 %
2026/08/31 17:11:06.492, 14661 MiB, 100 %
2026/08/31 17:11:36.493, 14661 MiB, 98 %
2026/08/31 17:12:06.494, 14661 MiB, 100 %
2026/08/31 17:12:36.495, 14661 MiB, 71 %
2026/08/31 17:13:06.496, 14661 MiB, 98 %
2026/08/31 17:13:36.496, 14661 MiB, 100 %
2026/08/31 17:14:06.497, 14661 MiB, 81 %
2026/08/31 17:14:36.498, 14661 MiB, 100 %
2026/08/31 17:15:06.498, 14661 MiB, 100 %
2026/08/31 17:15:36.499, 14661 MiB, 56 %
2026/08/31 17:16:06.500, 14661 MiB, 100 %
2026/08/31 17:16:36.501, 14661 MiB, 100 %
2026/08/31 17:17:06.502, 14661 MiB, 100 %
2026/08/31 17:17:36.503, 14661 MiB, 100 %
2026/08/31 17:18:06.503, 14661 MiB, 100 %
2026/08/31 17:18:36.504, 14661 MiB, 49 %
2026/08/31 17:19:06.505, 14661 MiB, 100 %
2026/08/31 17:19:36.506, 14661 MiB, 100 %
2026/08/31 17:20:06.507, 14661 MiB, 51 %
2026/08/31 17:20:36.508, 14661 MiB, 100 %
2026/08/31 17:21:06.509, 14661 MiB, 98 %
2026/08/31 17:21:36.510, 14661 MiB, 100 %
2026/08/31 17:22:06.511, 14661 MiB, 91 %
2026/08/31 17:22:36.511, 14661 MiB, 100 %
2026/08/31 17:23:06.512, 14661 MiB, 100 %
2026/08/31 17:23:36.514, 14661 MiB, 100 %
2026/08/31 17:24:06.514, 14661 MiB, 100 %
2026/08/31 17:24:36.515, 14661 MiB, 98 %
2026/08/31 17:25:06.516, 14661 MiB, 100 %
2026/08/31 17:25:36.517, 14661 MiB, 100 %
2026/08/31 17:26:06.517, 14661 MiB, 100 %
2026/08/31 17:26:36.518, 14661 MiB, 100 %
2026/08/31 17:27:06.518, 14661 MiB, 52 %
2026/08/31 17:27:36.519, 14661 MiB, 100 %
2026/08/31 17:28:06.520, 14661 MiB, 100 %
2026/08/31 17:28:36.521, 14661 MiB, 89 %
2026/08/31 17:29:06.522, 14661 MiB, 100 %
2026/08/31 17:29:36.522, 14661 MiB, 100 %
2026/08/31 17:30:06.523, 14661 MiB, 100 %
2026/08/31 17:30:36.524, 14661 MiB, 100 %
2026/08/31 17:31:06.524, 14661 MiB, 100 %
2026/08/31 17:31:36.525, 14661 MiB, 97 %
2026/08/31 17:32:06.526, 14661 MiB, 98 %
2026/08/31 17:32:36.527, 14661 MiB, 100 %
2026/08/31 17:33:06.528, 14661 MiB, 100 %
2026/08/31 17:33:36.529, 14661 MiB, 100 %
2026/08/31 17:34:06.530, 14661 MiB, 100 %
2026/08/31 17:34:36.531, 14661 MiB, 100 %
2026/08/31 17:35:06.532, 14661 MiB, 100 %
2026/08/31 17:35:36.533, 14661 MiB, 100 %
2026/08/31 17:36:06.534, 14661 MiB, 98 %
2026/08/31 17:36:36.534, 14661 MiB, 100 %
2026/08/31 17:37:06.535, 14661 MiB, 100 %
2026/08/31 17:37:36.536, 14661 MiB, 100 %
2026/08/31 17:38:06.537, 14661 MiB, 67 %
2026/08/31 17:38:36.538, 14661 MiB, 100 %
2026/08/31 17:39:06.539, 14661 MiB, 48 %
2026/08/31 17:39:36.540, 14661 MiB, 98 %
2026/08/31 17:40:06.541, 14661 MiB, 74 %
2026/08/31 17:40:36.542, 14661 MiB, 98 %
2026/08/31 17:41:06.543, 14661 MiB, 49 %
2026/08/31 17:41:36.544, 14661 MiB, 98 %
2026/08/31 17:42:06.545, 14661 MiB, 100 %
2026/08/31 17:42:36.546, 14661 MiB, 96 %
2026/08/31 17:43:06.547, 14661 MiB, 100 %
2026/08/31 17:43:36.548, 14661 MiB, 50 %
2026/08/31 17:44:06.549, 14661 MiB, 100 %
2026/08/31 17:44:36.549, 14661 MiB, 98 %
2026/08/31 17:45:06.550, 14661 MiB, 100 %
2026/08/31 17:45:36.551, 14661 MiB, 90 %
2026/08/31 17:46:06.551, 14661 MiB, 98 %
2026/08/31 17:46:36.552, 14661 MiB, 100 %
2026/08/31 17:47:06.554, 14661 MiB, 60 %
2026/08/31 17:47:36.554, 14661 MiB, 100 %
2026/08/31 17:48:06.556, 14661 MiB, 100 %
2026/08/31 17:48:36.556, 14661 MiB, 100 %
2026/08/31 17:49:06.557, 14661 MiB, 100 %
2026/08/31 17:49:36.558, 14661 MiB, 98 %
2026/08/31 17:50:06.559, 14661 MiB, 100 %
2026/08/31 17:50:36.560, 14661 MiB, 56 %
2026/08/31 17:51:06.561, 14661 MiB, 100 %
2026/08/31 17:51:36.562, 14661 MiB, 100 %
2026/08/31 17:52:06.563, 14661 MiB, 66 %
2026/08/31 17:52:36.564, 14661 MiB, 100 %
2026/08/31 17:53:06.564, 14661 MiB, 100 %
2026/08/31 17:53:36.566, 14661 MiB, 100 %
2026/08/31 17:54:06.566, 14661 MiB, 100 %
2026/08/31 17:54:36.567, 14661 MiB, 100 %
2026/08/31 17:55:06.568, 14661 MiB, 98 %
2026/08/31 17:55:36.569, 14661 MiB, 100 %
2026/08/31 17:56:06.570, 14661 MiB, 100 %
2026/08/31 17:56:36.571, 14661 MiB, 98 %
2026/08/31 17:57:06.572, 14661 MiB, 100 %
2026/08/31 17:57:36.573, 14661 MiB, 100 %
2026/08/31 17:58:06.574, 14661 MiB, 100 %
2026/08/31 17:58:36.575, 14661 MiB, 100 %
2026/08/31 17:59:06.576, 14661 MiB, 100 %
2026/08/31 17:59:36.577, 14661 MiB, 100 %
2026/08/31 18:00:06.578, 14661 MiB, 86 %
2026/08/31 18:00:36.579, 14661 MiB, 83 %
2026/08/31 18:01:06.580, 14661 MiB, 74 %
2026/08/31 18:01:36.581, 14661 MiB, 89 %
2026/08/31 18:02:06.583, 14661 MiB, 100 %
2026/08/31 18:02:36.584, 14785 MiB, 100 %
2026/08/31 18:03:06.585, 14785 MiB, 100 %
2026/08/31 18:03:36.586, 14785 MiB, 57 %
2026/08/31 18:04:06.587, 14785 MiB, 74 %
2026/08/31 18:04:36.588, 14785 MiB, 68 %
2026/08/31 18:05:06.589, 14785 MiB, 100 %
2026/08/31 18:05:36.590, 14785 MiB, 100 %
2026/08/31 18:06:06.590, 14785 MiB, 100 %
2026/08/31 18:06:36.591, 14785 MiB, 100 %
2026/08/31 18:07:06.592, 14785 MiB, 76 %
2026/08/31 18:07:36.593, 14785 MiB, 100 %
2026/08/31 18:08:06.594, 14785 MiB, 100 %
2026/08/31 18:08:36.595, 14785 MiB, 100 %
2026/08/31 18:09:06.596, 14785 MiB, 79 %
2026/08/31 18:09:36.597, 14785 MiB, 100 %
2026/08/31 18:10:06.598, 14785 MiB, 74 %
2026/08/31 18:10:36.599, 14785 MiB, 99 %
2026/08/31 18:11:06.600, 14785 MiB, 100 %
2026/08/31 18:11:36.601, 14785 MiB, 69 %
2026/08/31 18:12:06.602, 14785 MiB, 100 %
2026/08/31 18:12:36.603, 14785 MiB, 100 %
2026/08/31 18:13:06.603, 14785 MiB, 79 %
2026/08/31 18:13:36.604, 14785 MiB, 63 %
2026/08/31 18:14:06.605, 14785 MiB, 100 %
2026/08/31 18:14:36.606, 14785 MiB, 100 %
2026/08/31 18:15:06.607, 14785 MiB, 100 %
2026/08/31 18:15:36.608, 14785 MiB, 100 %
2026/08/31 18:16:06.608, 14785 MiB, 95 %
2026/08/31 18:16:36.609, 14785 MiB, 100 %
2026/08/31 18:17:06.610, 14785 MiB, 100 %
2026/08/31 18:17:36.611, 14785 MiB, 67 %
2026/08/31 18:18:06.612, 14785 MiB, 100 %
2026/08/31 18:18:36.613, 14785 MiB, 100 %
2026/08/31 18:19:06.614, 14785 MiB, 100 %
2026/08/31 18:19:36.614, 14785 MiB, 95 %
2026/08/31 18:20:06.615, 14785 MiB, 100 %
2026/08/31 18:20:36.616, 14785 MiB, 93 %
2026/08/31 18:21:06.617, 14785 MiB, 100 %
2026/08/31 18:21:36.618, 14785 MiB, 82 %
2026/08/31 18:22:06.619, 14785 MiB, 100 %
2026/08/31 18:22:36.620, 14785 MiB, 97 %
2026/08/31 18:23:06.620, 14785 MiB, 71 %
2026/08/31 18:23:36.621, 14785 MiB, 100 %
2026/08/31 18:24:06.622, 14785 MiB, 76 %
2026/08/31 18:24:36.623, 14785 MiB, 100 %
2026/08/31 18:25:06.624, 14785 MiB, 82 %
2026/08/31 18:25:36.624, 14785 MiB, 100 %
2026/08/31 18:26:06.625, 14785 MiB, 76 %
2026/08/31 18:26:36.626, 14785 MiB, 99 %
2026/08/31 18:27:06.627, 14785 MiB, 97 %
2026/08/31 18:27:36.628, 14785 MiB, 69 %
2026/08/31 18:28:06.629, 14785 MiB, 100 %
2026/08/31 18:28:36.630, 14785 MiB, 100 %
2026/08/31 18:29:06.631, 14785 MiB, 82 %
2026/08/31 18:29:36.632, 14785 MiB, 67 %
2026/08/31 18:30:06.633, 14785 MiB, 100 %
2026/08/31 18:30:36.633, 14785 MiB, 100 %
2026/08/31 18:31:06.634, 14785 MiB, 92 %
2026/08/31 18:31:36.635, 14785 MiB, 100 %
2026/08/31 18:32:06.636, 14785 MiB, 100 %
2026/08/31 18:32:36.637, 14785 MiB, 57 %
2026/08/31 18:33:06.638, 14785 MiB, 100 %
2026/08/31 18:33:36.639, 14785 MiB, 100 %
2026/08/31 18:34:06.640, 14785 MiB, 69 %
2026/08/31 18:34:36.641, 14785 MiB, 100 %
2026/08/31 18:35:06.642, 14785 MiB, 70 %
2026/08/31 18:35:36.643, 14785 MiB, 100 %
2026/08/31 18:36:06.644, 14785 MiB, 100 %
2026/08/31 18:36:36.645, 14785 MiB, 100 %
2026/08/31 18:37:06.646, 14785 MiB, 100 %
2026/08/31 18:37:36.647, 14785 MiB, 100 %
2026/08/31 18:38:06.647, 14785 MiB, 80 %
2026/08/31 18:38:36.648, 14785 MiB, 100 %
2026/08/31 18:39:06.649, 14785 MiB, 100 %
2026/08/31 18:39:36.650, 14785 MiB, 69 %
2026/08/31 18:40:06.651, 14785 MiB, 100 %
2026/08/31 18:40:36.652, 14785 MiB, 100 %
2026/08/31 18:41:06.652, 14785 MiB, 100 %
2026/08/31 18:41:36.653, 14785 MiB, 100 %
2026/08/31 18:42:06.654, 14785 MiB, 70 %
2026/08/31 18:42:36.655, 14785 MiB, 100 %
2026/08/31 18:43:06.656, 14785 MiB, 100 %
2026/08/31 18:43:36.657, 14785 MiB, 100 %
2026/08/31 18:44:06.658, 14785 MiB, 99 %
2026/08/31 18:44:36.659, 14785 MiB, 58 %
2026/08/31 18:45:06.659, 14785 MiB, 67 %
2026/08/31 18:45:36.660, 14785 MiB, 100 %
2026/08/31 18:46:06.661, 14785 MiB, 100 %
2026/08/31 18:46:36.662, 14785 MiB, 100 %
2026/08/31 18:47:06.662, 14785 MiB, 100 %
2026/08/31 18:47:36.664, 14785 MiB, 100 %
2026/08/31 18:48:06.665, 14785 MiB, 77 %
2026/08/31 18:48:36.666, 14785 MiB, 87 %
2026/08/31 18:49:06.667, 14785 MiB, 100 %
2026/08/31 18:49:36.668, 14785 MiB, 100 %
2026/08/31 18:50:06.669, 14785 MiB, 100 %
2026/08/31 18:50:36.670, 14785 MiB, 100 %
2026/08/31 18:51:06.671, 14785 MiB, 69 %
2026/08/31 18:51:36.672, 14785 MiB, 60 %
2026/08/31 18:52:06.673, 14785 MiB, 100 %
2026/08/31 18:52:36.674, 14785 MiB, 100 %
2026/08/31 18:53:06.674, 14785 MiB, 100 %
2026/08/31 18:53:36.675, 14785 MiB, 100 %
2026/08/31 18:54:06.676, 14785 MiB, 100 %
2026/08/31 18:54:36.677, 14785 MiB, 100 %
2026/08/31 18:55:06.678, 14785 MiB, 100 %
2026/08/31 18:55:36.678, 14785 MiB, 100 %
2026/08/31 18:56:06.679, 14785 MiB, 100 %
2026/08/31 18:56:36.680, 14785 MiB, 100 %
2026/08/31 18:57:06.681, 14785 MiB, 100 %
2026/08/31 18:57:36.682, 14785 MiB, 80 %
2026/08/31 18:58:06.683, 14785 MiB, 68 %
2026/08/31 18:58:36.684, 14785 MiB, 100 %
2026/08/31 18:59:06.685, 14785 MiB, 100 %
2026/08/31 18:59:36.686, 14785 MiB, 100 %
2026/08/31 19:00:06.687, 14785 MiB, 100 %
2026/08/31 19:00:36.688, 14785 MiB, 89 %
2026/08/31 19:01:06.689, 14785 MiB, 60 %
2026/08/31 19:01:36.690, 14785 MiB, 82 %
2026/08/31 19:02:06.691, 14785 MiB, 78 %
2026/08/31 19:02:36.692, 14785 MiB, 100 %
2026/08/31 19:03:06.692, 14785 MiB, 100 %
2026/08/31 19:03:36.693, 14785 MiB, 98 %
2026/08/31 19:04:06.694, 0 MiB, 0 %
2026/08/31 19:04:36.696, 0 MiB, 0 %
2026/08/31 19:05:06.697, 0 MiB, 0 %
2026/08/31 19:05:36.698, 0 MiB, 0 %
2026/08/31 19:06:06.699, 0 MiB, 0 %
2026/08/31 19:06:36.699, 0 MiB, 0 %
2026/08/31 19:07:06.700, 0 MiB, 0 %
2026/08/31 19:07:36.701, 0 MiB, 0 %
2026/08/31 19:08:06.702, 0 MiB, 0 %
2026/08/31 19:08:36.703, 0 MiB, 0 %
2026/08/31 19:09:06.703, 0 MiB, 0 %
2026/08/31 19:09:36.704, 0 MiB, 0 %
2026/08/31 19:10:06.705, 0 MiB, 0 %
2026/08/31 19:10:36.706, 0 MiB, 0 %
2026/08/31 19:11:06.707, 0 MiB, 0 %
2026/08/31 19:11:36.709, 0 MiB, 0 %
2026/08/31 19:12:06.710, 0 MiB, 0 %
2026/08/31 19:12:36.710, 0 MiB, 0 %
2026/08/31 19:13:06.711, 0 MiB, 0 %
2026/08/31 19:13:36.712, 0 MiB, 0 %
2026/08/31 19:14:06.713, 0 MiB, 0 %
